category,headline,url
主要,首相の面会記録 官邸作成せず,https://news.yahoo.co.jp/pickup/6325462
主要,消費増税凍結 格下げ覚悟必要,https://news.yahoo.co.jp/pickup/6325475
主要,列車逆走「宙に浮く」衝撃か,https://news.yahoo.co.jp/pickup/6325489
主要,育休直後に転勤命令?告発話題,https://news.yahoo.co.jp/pickup/6325481
主要,巨大ギョーザ名物 店主の52年,https://news.yahoo.co.jp/pickup/6325483
主要,宇野昌磨 コーチ2人から卒業,https://news.yahoo.co.jp/pickup/6325491
主要,MGC出場選手発表 川内ら辞退,https://news.yahoo.co.jp/pickup/6325484
主要,来春朝ドラ 妻役は二階堂ふみ,https://news.yahoo.co.jp/pickup/6325492
地域,列車逆走「宙に浮く」衝撃か,https://news.yahoo.co.jp/pickup/6325489
地域,列車逆走 再開の見込み立たず,https://news.yahoo.co.jp/pickup/6325480
地域,男性が土砂に埋もれ死亡 福岡,https://news.yahoo.co.jp/pickup/6325471
地域,川崎殺傷で 元次官「息子も」,https://news.yahoo.co.jp/pickup/6325454
地域,幼稚園バス衝突 園児らけが,https://news.yahoo.co.jp/pickup/6325456
地域,火砕流28年 風化防ぐ取り組み,https://news.yahoo.co.jp/pickup/6325450
地域,小児科など6科廃止 住民困惑,https://news.yahoo.co.jp/pickup/6325445
地域,巨大ギョーザ名物 店主の52年,https://news.yahoo.co.jp/pickup/6325483
IT,ファーウェイ下請け 影響深刻,https://news.yahoo.co.jp/pickup/6325487
IT,SNSで裏バイト募集 記者直撃,https://news.yahoo.co.jp/pickup/6325490
IT,MLサービス「freeml」終了へ,https://news.yahoo.co.jp/pickup/6325478
IT,ドラクエ 新作は「位置ゲー」,https://news.yahoo.co.jp/pickup/6325461
IT,子宮再現のゆりかご 米で注目,https://news.yahoo.co.jp/pickup/6325459
IT,Apple「iTunes」終了発表か,https://news.yahoo.co.jp/pickup/6325384
IT,甘利氏ボケる「ヒロシです」,https://news.yahoo.co.jp/pickup/6325387
IT,告白はSNS 10代の恋愛事情,https://news.yahoo.co.jp/pickup/6325343
エンタメ,来春朝ドラ 妻役は二階堂ふみ,https://news.yahoo.co.jp/pickup/6325492
エンタメ,女優・黒川芽以 結婚を発表,https://news.yahoo.co.jp/pickup/6325473
エンタメ,タイで「CGM48」結成を発表,https://news.yahoo.co.jp/pickup/6325472
エンタメ,インスタ30万人超 13歳の素顔,https://news.yahoo.co.jp/pickup/6325467
エンタメ,小川アナ NEWS23の決意語る,https://news.yahoo.co.jp/pickup/6325458
エンタメ,関西大御所DJ ヒロ寺平引退へ,https://news.yahoo.co.jp/pickup/6325455
エンタメ,日向坂・小坂 ホラー映画主演,https://news.yahoo.co.jp/pickup/6325442
エンタメ,近藤千尋 第2子妊娠を報告,https://news.yahoo.co.jp/pickup/6325437
経済,消費増税凍結 格下げ覚悟必要,https://news.yahoo.co.jp/pickup/6325475
経済,五輪で異例の高力ボルト不足,https://news.yahoo.co.jp/pickup/6325431
経済,長崎IR 4000億円の投資案浮上,https://news.yahoo.co.jp/pickup/6325468
経済,育休直後に転勤命令?告発話題,https://news.yahoo.co.jp/pickup/6325481
経済,学生に浸透 新卒エージェント,https://news.yahoo.co.jp/pickup/6325447
経済,あずき高値 和菓子に影響か,https://news.yahoo.co.jp/pickup/6325465
経済,ペットボトル600ml級定番の訳,https://news.yahoo.co.jp/pickup/6325451
経済,意外と売れる?黄色い車の背景,https://news.yahoo.co.jp/pickup/6325446
国内,日朝会談 無条件方針変わらず,https://news.yahoo.co.jp/pickup/6325464
国内,首相の面会記録 官邸作成せず,https://news.yahoo.co.jp/pickup/6325462
国内,自民 参院選1人区に危機感,https://news.yahoo.co.jp/pickup/6325425
国内,マイナンバー保険証 顔認証案,https://news.yahoo.co.jp/pickup/6325423
国内,陛下が国民に敬語 専門家驚き,https://news.yahoo.co.jp/pickup/6325411
国内,九州豪雨 仮設住宅巡り物別れ,https://news.yahoo.co.jp/pickup/6325460
国内,元国後島民 丸山氏はけじめを,https://news.yahoo.co.jp/pickup/6325397
国内,野党多弱に国民玉木氏「忍」,https://news.yahoo.co.jp/pickup/6325388
科学,人一倍敏感な性格の子 知って,https://news.yahoo.co.jp/pickup/6325470
科学,アルパカ なぜ頭だけモフモフ,https://news.yahoo.co.jp/pickup/6325469
科学,夏に注意 子どもの皮膚感染症,https://news.yahoo.co.jp/pickup/6325412
科学,のど痛い時に唐揚げ 効果なし,https://news.yahoo.co.jp/pickup/6325410
科学,「医者が教える」信じていい?,https://news.yahoo.co.jp/pickup/6325374
科学,100年に1度の豪雨 最大1.4倍,https://news.yahoo.co.jp/pickup/6325254
科学,海底探査レース 日本勢が準V,https://news.yahoo.co.jp/pickup/6325286
科学,定時帰りが守る 子どもの心身,https://news.yahoo.co.jp/pickup/6325271
国際,天安門鎮圧は正しい 中国言及,https://news.yahoo.co.jp/pickup/6325479
国際,天安門 日の丸バスで邦人救出,https://news.yahoo.co.jp/pickup/6325432
国際,粛清説出た幹部 正恩氏と同席,https://news.yahoo.co.jp/pickup/6325441
国際,墜落機種 主翼部品に欠陥か,https://news.yahoo.co.jp/pickup/6325486
国際,北朝鮮 無条件会談厚かましい,https://news.yahoo.co.jp/pickup/6325415
国際,米市庁舎で乱射 動機の謎深く,https://news.yahoo.co.jp/pickup/6325394
国際,イラン緊張緩和 首相への期待,https://news.yahoo.co.jp/pickup/6325405
国際,仏 鳥山明さんに芸術文化勲章,https://news.yahoo.co.jp/pickup/6325474
スポーツ,宇野昌磨 コーチ2人から卒業,https://news.yahoo.co.jp/pickup/6325491
スポーツ,MGC出場選手発表 川内ら辞退,https://news.yahoo.co.jp/pickup/6325484
スポーツ,ラグビーW杯代表 功労者落選,https://news.yahoo.co.jp/pickup/6325477
スポーツ,ロシア陸上 また不正隠蔽報道,https://news.yahoo.co.jp/pickup/6325463
スポーツ,J2福岡監督 家族の問題で退任,https://news.yahoo.co.jp/pickup/6325452
スポーツ,がん克服 1軍目指す赤松の今,https://news.yahoo.co.jp/pickup/6325457
スポーツ,大谷 3打席連続の失策出塁,https://news.yahoo.co.jp/pickup/6325443
スポーツ,Gマシソン1軍合流へ 病を克服,https://news.yahoo.co.jp/pickup/6325440
主要,首相の面会記録 官邸作成せず,https://news.yahoo.co.jp/pickup/6325462
主要,消費増税凍結 格下げ覚悟必要,https://news.yahoo.co.jp/pickup/6325475
主要,列車逆走「宙に浮く」衝撃か,https://news.yahoo.co.jp/pickup/6325489
主要,育休直後に転勤命令?告発話題,https://news.yahoo.co.jp/pickup/6325481
主要,巨大ギョーザ名物 店主の52年,https://news.yahoo.co.jp/pickup/6325483
主要,宇野昌磨 コーチ2人から卒業,https://news.yahoo.co.jp/pickup/6325491
主要,MGC出場選手発表 川内ら辞退,https://news.yahoo.co.jp/pickup/6325484
主要,来春朝ドラ 妻役は二階堂ふみ,https://news.yahoo.co.jp/pickup/6325492
